store,type_no,markdown_type,total_spend,active_weeks,total_spend_holiday,active_weeks_holiday,attributed_lift
1,1,Markdown Type 1,412629.08,51,25302.15,4,1494928.760952504
1,2,Markdown Type 2,123535.25,42,53072.35,4,365397.6000300909
1,3,Markdown Type 3,61270.020000000004,50,56218.450000000004,4,76977.311170031
1,4,Markdown Type 4,191050.32,51,13583.849999999999,4,634398.6020519742
1,5,Markdown Type 5,255951.4,51,14913.91,4,980827.3957953998
2,1,Markdown Type 1,543032.65,51,33410.9,4,1228820.8047593716
2,2,Markdown Type 2,222095.54,42,99409.64,4,188770.31517721398
2,3,Markdown Type 3,85406.22,50,77745.83,4,-77165.9408314576
2,4,Markdown Type 4,241675.93,51,18574.2,4,546249.6671883984
2,5,Markdown Type 5,334628.7,51,17470.52,4,656135.1537064739
3,1,Markdown Type 1,157206.95,51,12445.199999999999,4,876019.0743285603
3,2,Markdown Type 2,41260.35,39,15980.41,4,83140.3590445711
3,3,Markdown Type 3,40123.409999999996,44,37689.909999999996,4,-23638.734146551113
3,4,Markdown Type 4,45147.88,49,2646.17,3,208985.00648939886
3,5,Markdown Type 5,64438.08,51,4417.2,4,318198.0142840209
4,1,Markdown Type 1,476937.49,51,24514.82,4,2113199.1688435683
4,2,Markdown Type 2,196180.22,42,79776.1,4,708801.0903946564
4,3,Markdown Type 3,95588.14,49,83917.53,4,276391.95854143205
4,4,Markdown Type 4,261706.83,50,20907.96,4,930706.2658632948
4,5,Markdown Type 5,346183.89,51,32897.16,4,1749415.5963570483
5,1,Markdown Type 1,153843.36,51,9082.24,4,526367.7848922552
5,2,Markdown Type 2,41516.14,36,19814.46,4,103930.44858641864
5,3,Markdown Type 3,31680.620000000003,43,29417.13,4,23076.89960181011
5,4,Markdown Type 4,56345.89,49,4821.97,4,149161.10118726024
5,5,Markdown Type 5,130020.26,51,7342.1,4,455177.39573225577
6,1,Markdown Type 1,429845.34,51,33267.880000000005,4,1135374.0927410733
6,2,Markdown Type 2,177227.32,44,88795.76000000001,4,277587.1983108446
6,3,Markdown Type 3,92381.11,49,83612.54,4,-22855.046424263302
6,4,Markdown Type 4,189693.33,51,12846.37,4,475738.78967144975
6,5,Markdown Type 5,287217.53,51,14052.83,4,705688.4557008954
7,1,Markdown Type 1,326435.27,51,20232.87,4,658335.8665696805
7,2,Markdown Type 2,63039.85,37,20124.37,3,224651.4652572168
7,3,Markdown Type 3,44073.649999999994,49,41612.659999999996,4,120878.68441992042
7,4,Markdown Type 4,87359.26,51,5828.78,4,119566.90652646145
7,5,Markdown Type 5,181363.47,51,10508.94,4,388982.8372267208
8,1,Markdown Type 1,361245.77999999997,51,25019.92,4,637342.4297103839
8,2,Markdown Type 2,113464.6,42,40010.47,4,100733.87873752433
8,3,Markdown Type 3,51773.8,49,46194.19,4,-37672.713988995034
8,4,Markdown Type 4,86549.72,50,7995.98,4,122122.85756020069
8,5,Markdown Type 5,293947.76,51,10191.6,4,307069.6779808862
9,1,Markdown Type 1,164015.18,51,12735.09,4,588231.8125046793
9,2,Markdown Type 2,39282.45,31,16076.8,2,135286.55601582254
9,3,Markdown Type 3,46945.1,42,44129.649999999994,4,46104.029779768076
9,4,Markdown Type 4,51118.049999999996,49,5829.13,4,169705.88803646152
9,5,Markdown Type 5,188893.81,51,17865.44,4,610366.6536632685
10,1,Markdown Type 1,497532.04,51,28114.179999999997,4,219809.07001591797
10,2,Markdown Type 2,211452.75999999998,33,105729.92,4,251426.83280319415
10,3,Markdown Type 3,154483.08,47,141924.90999999997,4,-128033.8064890698
10,4,Markdown Type 4,222533.75,51,11989.449999999999,4,149016.2183178825
10,5,Markdown Type 5,276186.92,51,13018.21,4,-261719.13464792498
11,1,Markdown Type 1,452859.91,51,31794.989999999998,4,975278.8512316111
11,2,Markdown Type 2,142901.38,43,62752.51,4,401157.1022490088
11,3,Markdown Type 3,79826.65999999999,50,71448.09999999999,4,66555.15980720376
11,4,Markdown Type 4,181680.55,49,12249.04,4,354478.5850979865
11,5,Markdown Type 5,283991.75,51,12106.92,4,492054.5416141897
12,1,Markdown Type 1,577680.84,51,50294.9,4,996263.2803466114
12,2,Markdown Type 2,162995.28,39,61448.23,4,383279.9293448088
12,3,Markdown Type 3,69823.84,48,63264.75,4,-8738.767663146482
12,4,Markdown Type 4,257727.18,51,15117.43,4,375586.08297774044
12,5,Markdown Type 5,292062.85,51,15760.79,4,350217.3049939858
13,1,Markdown Type 1,567637.29,51,33969.86,4,1850671.6624969456
13,2,Markdown Type 2,262682.67,43,97981.51,4,703360.5701848895
13,3,Markdown Type 3,143396.07,50,109686.1,4,71123.22014880032
13,4,Markdown Type 4,255567.35,51,25239.73,4,720111.9077839289
13,5,Markdown Type 5,370120.44,51,21466.99,4,1198818.7993854356
14,1,Markdown Type 1,591248.84,51,31873.640000000003,4,-3901019.821816065
14,2,Markdown Type 2,222173.72,40,77168.98000000001,4,110136.2312910232
14,3,Markdown Type 3,104851.97,50,90035.79,4,-400202.3332842488
14,4,Markdown Type 4,215649.67,51,15890.24,4,-1449765.3175831125
14,5,Markdown Type 5,295312.42,51,16439.95,4,-2454514.058607597
15,1,Markdown Type 1,273683.32,51,16614.04,4,-329595.72261730494
15,2,Markdown Type 2,102346.32,39,36717.55,4,-14147.160200162736
15,3,Markdown Type 3,76943.73000000001,46,67211.34,4,-169606.84689799935
15,4,Markdown Type 4,106226.02,51,11763.779999999999,4,-119770.15404780311
15,5,Markdown Type 5,134336.89,51,11959.74,4,-247214.20623672992
16,1,Markdown Type 1,194881.52,51,10550.31,4,169945.81836485013
16,2,Markdown Type 2,36427.36,36,12890.28,3,103637.22847103688
16,3,Markdown Type 3,37518.25,41,34894.44,4,51078.19832071058
16,4,Markdown Type 4,63859.52,51,10190.26,4,12612.35486220882
16,5,Markdown Type 5,145267.06,51,11108.41,4,81043.75998119354
17,1,Markdown Type 1,302403.0,51,23804.3,4,1500488.8123244187
17,2,Markdown Type 2,112402.86,37,56071.74,3,395515.8608424389
17,3,Markdown Type 3,81100.86,43,62250.28,4,224951.79810247896
17,4,Markdown Type 4,132013.43,51,7065.38,4,434119.9912620949
17,5,Markdown Type 5,156688.53,51,11017.8,4,850313.9574685685
18,1,Markdown Type 1,441272.68,51,46558.72,4,1164104.91458406
18,2,Markdown Type 2,198384.91,42,57451.35,4,231707.45659751666
18,3,Markdown Type 3,79607.71,48,71989.72,4,-98436.78502609307
18,4,Markdown Type 4,202499.58000000002,51,17011.260000000002,4,451416.76145466213
18,5,Markdown Type 5,183974.92,51,15358.98,4,423419.7923898542
19,1,Markdown Type 1,535506.36,51,29355.77,4,-292662.7191107263
19,2,Markdown Type 2,189623.27,42,60318.009999999995,4,36670.58087222854
19,3,Markdown Type 3,105924.86,48,89318.07,4,-88714.56524963975
19,4,Markdown Type 4,246177.48,51,19309.55,4,-137267.37610761757
19,5,Markdown Type 5,264727.98,51,16976.14,4,-178173.34040424495
20,1,Markdown Type 1,573865.13,51,28841.87,4,1114722.086495239
20,2,Markdown Type 2,259599.33000000002,44,110992.54000000001,3,399011.31617414515
20,3,Markdown Type 3,136834.41,50,101865.43999999999,4,-14607.964672659467
20,4,Markdown Type 4,276599.02999999997,51,20515.22,4,488810.8692575064
20,5,Markdown Type 5,308751.15,51,16348.470000000001,4,703797.8327457691
21,1,Markdown Type 1,415832.25,51,39489.22,4,-839835.4309572498
21,2,Markdown Type 2,113680.29,41,36855.27,4,60045.82350238095
21,3,Markdown Type 3,44316.43,46,40707.340000000004,4,-65756.17979250195
21,4,Markdown Type 4,180109.52,51,20200.91,4,-293460.5576010684
21,5,Markdown Type 5,232442.69,51,13090.29,4,-772816.5551515609
22,1,Markdown Type 1,560673.09,51,31587.27,4,256342.14583033524
22,2,Markdown Type 2,191454.52,39,61468.81,3,150333.19369336768
22,3,Markdown Type 3,74478.19,46,70164.37,4,-47048.1096673569
22,4,Markdown Type 4,229405.85,51,12717.669999999998,4,75297.46822506591
22,5,Markdown Type 5,243191.72,51,19888.829999999998,4,24027.121918588105
23,1,Markdown Type 1,361801.97,51,26315.47,4,1000415.5556943617
23,2,Markdown Type 2,175035.55,41,58908.96,4,95710.82035544649
23,3,Markdown Type 3,118379.91,47,104371.58,4,-101954.0568079425
23,4,Markdown Type 4,194532.72,51,12195.06,4,462946.00402700435
23,5,Markdown Type 5,195811.76,51,14211.46,4,468943.3367311302
24,1,Markdown Type 1,553829.04,51,35196.25,4,577009.1092476661
24,2,Markdown Type 2,166650.87,43,51403.98,4,180892.43065646378
24,3,Markdown Type 3,73206.03,50,64695.04,4,-83663.22335502823
24,4,Markdown Type 4,252759.02,51,15792.470000000001,4,244059.9173524955
24,5,Markdown Type 5,264331.02,51,16987.87,4,83560.83609840288
25,1,Markdown Type 1,424034.6,51,37796.200000000004,4,503323.475516444
25,2,Markdown Type 2,144579.73,41,55598.78,3,142675.08503424426
25,3,Markdown Type 3,64011.07,47,58751.7,4,-1510.3606631559092
25,4,Markdown Type 4,202730.82,51,22966.23,4,203996.43092109103
25,5,Markdown Type 5,171732.98,51,11989.95,4,178330.50919137654
26,1,Markdown Type 1,322176.67,51,14479.26,4,590079.7610935909
26,2,Markdown Type 2,92456.28,41,37056.439999999995,4,190432.664114098
26,3,Markdown Type 3,50058.89,49,45245.18,4,-13987.999625296648
26,4,Markdown Type 4,95575.91,50,7263.01,3,113815.2066135344
26,5,Markdown Type 5,193630.1,51,12243.74,4,360235.31780407345
27,1,Markdown Type 1,635290.97,51,38397.96,4,-1085385.0898683048
27,2,Markdown Type 2,213679.74,43,56366.53,4,-47278.77599315355
27,3,Markdown Type 3,93094.05,50,74573.93,4,-248560.12685670948
27,4,Markdown Type 4,301272.28,51,19545.68,4,-396455.41448410595
27,5,Markdown Type 5,291031.42,51,17574.18,4,-778250.6127977264
28,1,Markdown Type 1,511336.8,51,34595.43,4,-366590.5464897342
28,2,Markdown Type 2,116671.43,43,52823.71,4,203621.76896596033
28,3,Markdown Type 3,68081.49,47,61607.590000000004,4,-35348.23044886486
28,4,Markdown Type 4,212157.22,51,19049.14,4,-112556.81367535776
28,5,Markdown Type 5,352242.35,51,28882.28,4,-38758.6283520037
29,1,Markdown Type 1,274527.83,51,24405.420000000002,4,197166.13407301225
29,2,Markdown Type 2,75198.74,37,19631.96,3,70616.34869576684
29,3,Markdown Type 3,51670.66,47,47383.21,4,-106520.11038520333
29,4,Markdown Type 4,70867.35,51,6209.08,4,22933.958357134692
29,5,Markdown Type 5,127615.1,51,10318.66,4,-126837.4607407106
30,1,Markdown Type 1,20954.07,49,3125.02,4,73169.23612480822
30,2,Markdown Type 2,7625.19,16,2031.77,2,-1849.488772236479
30,3,Markdown Type 3,642.93,37,176.69,2,2964.698272781549
30,4,Markdown Type 4,866.5,18,68.42,2,4205.830990740869
30,5,Markdown Type 5,99157.0,51,4628.93,4,367537.57338390575
31,1,Markdown Type 1,490888.93,51,36875.76,4,15658.303052483314
31,2,Markdown Type 2,105364.19,40,28660.539999999997,4,222738.1125623391
31,3,Markdown Type 3,46426.65,49,41016.9,4,65498.14999686947
31,4,Markdown Type 4,174566.04,51,14344.62,4,-65452.302405837596
31,5,Markdown Type 5,393528.91,51,15731.24,4,50677.31679414575
32,1,Markdown Type 1,448453.02,51,33234.54,4,679557.2712596738
32,2,Markdown Type 2,172908.11,43,61658.17,4,270405.0120734168
32,3,Markdown Type 3,78560.18,50,72516.65999999999,4,52563.617292070056
32,4,Markdown Type 4,213746.57,51,31592.9,4,266620.812548096
32,5,Markdown Type 5,264609.21,51,13368.51,4,413374.8368267434
33,1,Markdown Type 1,16776.41,49,2009.23,4,169453.4667078252
33,2,Markdown Type 2,4536.42,20,1927.29,3,27709.307505011984
33,3,Markdown Type 3,66.85,20,9.89,2,606.8797559488373
33,4,Markdown Type 4,212.0,7,25.2,1,2333.1096851320035
33,5,Markdown Type 5,85214.85,51,4285.15,4,604385.016346082
34,1,Markdown Type 1,281984.39,51,28327.370000000003,4,650220.972177781
34,2,Markdown Type 2,84708.33,41,26621.530000000002,3,138458.85406377065
34,3,Markdown Type 3,46965.41,48,42750.37,4,28440.95541903348
34,4,Markdown Type 4,86856.05,51,15597.550000000001,4,176845.1479052279
34,5,Markdown Type 5,201945.46,51,12902.15,4,473875.78043418704
35,1,Markdown Type 1,550817.84,51,31619.31,4,311542.46186922427
35,2,Markdown Type 2,112488.97,28,39140.02,2,178656.92769176327
35,3,Markdown Type 3,77245.0,48,58803.549999999996,4,-177325.9480093346
35,4,Markdown Type 4,218259.3,51,14900.09,4,106890.65031081202
35,5,Markdown Type 5,247215.44,51,25234.489999999998,4,-160340.1018624648
36,1,Markdown Type 1,15332.59,49,1830.02,4,-561935.5869549776
36,2,Markdown Type 2,7405.73,19,1294.11,2,-268577.4919967623
36,3,Markdown Type 3,39.38,18,5.57,2,-2246.342771391252
36,4,Markdown Type 4,394.83,11,50.4,1,-12549.794030101675
36,5,Markdown Type 5,69997.76,51,4373.0599999999995,4,-2620710.924246767
37,1,Markdown Type 1,14374.61,47,960.99,4,38298.582131956384
37,2,Markdown Type 2,4966.54,18,1060.77,2,6062.057480489339
37,3,Markdown Type 3,929.82,40,292.82,3,1899.5081850075512
37,4,Markdown Type 4,645.8100000000001,5,364.81,2,1260.1040868895873
37,5,Markdown Type 5,71821.65,51,5344.09,4,299865.57811565715
38,1,Markdown Type 1,20861.5,51,1412.8899999999999,4,479916.2829853971
38,2,Markdown Type 2,7183.7,18,1938.15,2,162258.45915605844
38,3,Markdown Type 3,618.43,40,189.59,3,16523.59799767584
38,4,Markdown Type 4,983.99,21,35.05,3,11949.628248946767
38,5,Markdown Type 5,80372.0,51,5045.0,4,2108016.441611922
39,1,Markdown Type 1,433628.07,51,35450.159999999996,4,2143925.942121215
39,2,Markdown Type 2,134252.4,41,56134.850000000006,4,831432.4909574655
39,3,Markdown Type 3,84854.47,48,77632.85,4,234149.6765680967
39,4,Markdown Type 4,174252.15,51,9438.46,4,740653.4747526989
39,5,Markdown Type 5,966048.89,51,32763.21,4,3852859.145600524
40,1,Markdown Type 1,326959.94,51,19467.3,4,516796.9249400218
40,2,Markdown Type 2,95609.63,39,29645.53,3,181482.78552911023
40,3,Markdown Type 3,46931.24,47,40673.03,4,56312.18229333239
40,4,Markdown Type 4,125631.98,51,13198.61,4,177761.88415579934
40,5,Markdown Type 5,204792.49,51,15194.3,4,397346.30308173626
41,1,Markdown Type 1,415673.29,51,23853.3,4,1886658.0121827577
41,2,Markdown Type 2,159999.85,40,64801.869999999995,4,512039.5010337436
41,3,Markdown Type 3,86580.23,50,80028.14,4,63066.35933300814
41,4,Markdown Type 4,211217.03,51,18915.34,4,742217.1466542244
41,5,Markdown Type 5,250610.78,51,16236.58,4,1448870.6307962665
42,1,Markdown Type 1,17407.28,48,1601.99,4,179561.6777546052
42,2,Markdown Type 2,11482.73,18,1461.19,2,174346.6362016961
42,3,Markdown Type 3,807.5699999999999,41,254.64,4,11806.881703907353
42,4,Markdown Type 4,811.6800000000001,10,256.66,2,-634.6790228140223
42,5,Markdown Type 5,63336.840000000004,51,5722.45,4,911316.7533626053
43,1,Markdown Type 1,16674.05,51,1595.79,4,83984.75273474898
43,2,Markdown Type 2,9514.38,15,1926.05,1,59499.387936243336
43,3,Markdown Type 3,483.59,43,51.12,3,7523.271245940027
43,4,Markdown Type 4,979.66,6,101.16,2,-1011.3758166874358
43,5,Markdown Type 5,64093.7,51,3551.6,4,535501.473899755
44,1,Markdown Type 1,25705.16,49,3155.6499999999996,3,450655.0735735017
44,2,Markdown Type 2,4144.59,15,1577.92,2,48668.16960239351
44,3,Markdown Type 3,804.33,38,182.64,2,26058.654642431775
44,4,Markdown Type 4,362.94,11,17.64,1,5883.8684031704
44,5,Markdown Type 5,44520.02,51,2452.36,4,1100830.1537785027
45,1,Markdown Type 1,440982.94,51,30529.97,4,203870.66298212594
45,2,Markdown Type 2,139828.54,42,50453.13,4,265731.17888602783
45,3,Markdown Type 3,33024.14,49,27307.5,4,-69282.39706346917
45,4,Markdown Type 4,171703.26,51,7897.14,4,58787.43082043561
45,5,Markdown Type 5,205566.89,51,8601.41,4,24603.844374879798
